feature1,feature2,feature3,feature4,target
0.4967141530112327,0,C,3.5346074054678245,1
-0.13826430117118466,1,A,4.5846642456925775,1
0.6476885381006925,0,A,0.3798156328985347,1
1.5230298564080254,1,C,7.4586003862701205,1
-0.23415337472333597,0,C,5.4932247940317405,1
-0.23413695694918055,0,A,0.5774105186917378,1
1.5792128155073915,0,A,6.8075589296048555,1
0.7674347291529088,0,A,4.667820772311879,1
-0.4694743859349521,1,B,0.34461259425,1
0.5425600435859647,0,C,9.696077268480954,1
-0.46341769281246226,1,B,9.491121430894404,1
-0.46572975357025687,0,C,5.129024161471976,1
0.24196227156603412,0,C,0.936724207059102,1
-1.913280244657798,0,C,7.546212215985918,1
-1.7249178325130328,1,C,4.919311001057291,1
-0.5622875292409727,0,C,3.0244747828937992,1
-1.0128311203344238,1,C,4.914181775285567,1
0.3142473325952739,1,C,5.224441454054645,1
-0.9080240755212109,1,B,5.627116990223392,1
-1.4123037013352915,1,A,4.412237136553266,1
1.465648768921554,1,A,6.057553031390567,1
-0.22577630048653566,1,B,9.187347106063774,1
0.06752820468792384,1,B,3.6226808709859117,1
-1.4247481862134568,1,B,7.2571646321994905,1
-0.5443827245251827,1,B,8.944525568242321,1
0.11092258970986608,0,C,4.559792757599369,1
-1.1509935774223028,0,A,4.434558363819042,1
0.37569801834567196,0,C,6.0211698535477955,1
-0.600638689918805,0,A,5.914067594224881,1
-0.2916937497932768,0,A,8.06589342326277,1
-0.6017066122293969,1,B,4.764833837782927,1
1.8522781845089378,1,C,9.961229496394411,1
-0.013497224737933921,1,B,0.5947156886728078,1
-1.0577109289559004,1,C,0.031678485807017376,1
0.822544912103189,1,A,6.401983115596238,1
-1.2208436499710222,1,B,2.9843491236187667,1
0.2088635950047554,1,B,2.403823886994838,1
-1.9596701238797756,0,A,3.1189908000428046,0
-1.3281860488984305,0,A,2.560475651049543,1
0.19686123586912352,0,A,0.3079004966044785,1
0.7384665799954104,0,B,9.715330423905886,1
0.1713682811899705,1,C,2.2074548845278175,1
-0.11564828238824053,1,B,7.340297625893063,1
-0.3011036955892888,1,C,7.625963946941753,1
-1.4785219903674274,0,B,9.292573980072293,1
-0.7198442083947086,1,B,0.3054945709337997,1
-0.4606387709597875,1,A,8.720483384470077,1
1.0571222262189157,1,C,5.272261808398002,1
0.3436182895684614,0,B,6.325441099658279,1
-1.763040155362734,1,B,6.444702771210337,1
0.324083969394795,0,A,8.197978049847276,1
-0.38508228041631654,0,A,3.334073221591105,1
-0.6769220003059587,0,C,7.330511898599934,1
0.6116762888408679,0,B,5.285781097221971,1
1.030999522495951,1,C,7.933940143053477,1
0.9312801191161986,0,B,9.905460327701334,1
-0.8392175232226385,0,C,2.0065101740376123,1
-0.3092123758512146,1,A,9.94648641559998,1
0.33126343140356396,1,B,0.89812154282774,1
0.9755451271223592,0,C,0.02317547904813866,1
-0.47917423784528995,1,A,0.4416193617783126,1
-0.18565897666381712,0,A,3.417824047367617,1
-1.1063349740060282,0,C,6.329063306784342,1
-1.1962066240806708,0,B,0.6902954088784963,0
0.812525822394198,0,B,0.0566581452956727,1
1.356240028570823,1,A,9.370910284587948,1
-0.07201012158033385,0,B,8.219266359399297,1
1.0035328978920242,1,B,8.091831711390311,1
0.36163602504763415,1,B,8.84424275501977,1
-0.6451197546051243,1,A,7.000342727721044,1
0.36139560550841393,1,C,1.0440412974808144,1
1.5380365664659692,0,B,3.9910018807372305,1
-0.03582603910995154,1,A,7.2314948646462955,1
1.5646436558140062,0,A,2.803344607915209,1
-2.6197451040897444,1,C,6.874063641362376,1
0.8219025043752238,1,B,0.2449844826765235,1
0.08704706823817122,0,B,3.061373408795932,1
-0.29900735046586746,0,C,5.491303362771727,1
0.0917607765355023,0,C,6.320898295062422,1
-1.9875689146008928,1,A,5.770406644619108,1
-0.21967188783751193,1,A,6.977562760734295,1
0.3571125715117464,0,C,0.0608874823983907,1
1.477894044741516,0,B,1.009411999775215,1
-0.5182702182736474,0,A,8.68944252279145,1
-0.8084936028931876,0,A,6.817486440901613,1
-0.5017570435845365,1,B,1.129316426860113,1
0.9154021177020741,0,A,8.420744373985793,1
0.32875110965968446,0,B,2.422312178245669,1
-0.5297602037670388,0,B,4.782598841952234,1
0.5132674331133561,0,B,1.451965128846603,1
0.09707754934804039,1,C,7.101100564217067,1
0.9686449905328892,0,C,6.668544210142678,1
-0.7020530938773524,1,C,2.111124711661362,1
-0.3276621465977682,0,B,8.634007668570018,1
-0.39210815313215763,0,B,4.013060242197122,1
-1.4635149481321186,1,C,2.9251509107074183,1
0.29612027706457605,0,A,1.5232958946453545,1
0.26105527217988933,1,B,2.6616801251553746,1
0.00511345664246089,1,A,0.22026921223816998,1
-0.23458713337514692,0,A,5.832574924561156,1
-1.4153707420504142,1,B,8.422307463439479,1
-0.42064532276535904,1,B,5.489804494416418,1
-0.3427145165267695,1,A,2.192739619238757,1
-0.8022772692216189,1,A,0.3366917821387272,1
-0.16128571166600914,1,C,2.1462807325880284,1
0.4040508568145384,1,C,4.161214280710923,1
1.8861859012105302,1,B,7.596114286997965,1
0.17457781283183896,1,C,1.878428525377741,1
0.25755039072276437,0,C,7.197914533546861,1
-0.07444591576616721,0,C,8.669334683518837,1
-1.9187712152990415,1,C,4.539468481083571,1
-0.026513875449216878,0,A,8.214319916425932,1
0.06023020994102644,1,B,5.546573480350956,1
2.463242112485286,1,C,6.370908370809049,1
-0.19236096478112252,0,A,5.262784603382027,1
0.30154734233361247,1,A,4.631727167513418,1
-0.03471176970524331,1,A,2.3465344177584937,1
-1.168678037619532,1,C,3.0319405946104605,1
1.1428228145150205,1,C,2.8997011894360902,1
0.7519330326867741,0,B,5.632889309538147,1
0.7910319470430469,1,C,1.1995369302388992,1
-0.9093874547947389,1,C,9.16791690702335,1
1.4027943109360992,1,A,7.206551452831133,1
-1.4018510627922809,0,B,4.014456309131936,1
0.5868570938002703,1,C,1.5862414452637796,1
2.1904556258099785,0,C,8.819921697216358,1
-0.9905363251306883,0,A,8.237780901011652,1
-0.5662977296027719,1,A,7.217215527171793,1
0.09965136508764122,1,C,2.715470474112424,1
-0.5034756541161992,0,B,4.024466374336689,1
-1.5506634310661327,1,B,1.0274825245242336,1
0.06856297480602733,0,A,1.8903952472753172,1
-1.0623037137261049,0,A,7.830166373167328,1
0.4735924306351816,1,C,7.150387188506838,1
-0.9194242342338032,1,A,5.934857629759347,1
1.5499344050175394,0,C,8.957267259261728,1
-0.7832532923362371,0,B,5.832665178130454,1
-0.3220615162056756,0,B,4.669679999636108,1
0.8135172173696698,0,C,3.4037074630576267,1
-1.2308643164339552,1,A,9.404485057361725,1
0.22745993460412942,1,B,0.827154615243535,1
1.307142754282428,1,A,9.308873720608084,1
-1.6074832345612275,1,B,8.267146599310184,1
0.1846338585323042,1,C,1.299299245357013,1
0.25988279424842353,0,C,5.649843576752536,1
0.7818228717773104,1,C,8.66547981749087,1
-1.236950710878082,1,B,5.718091636071537,1
-1.3204566130842763,1,A,9.071998215606223,1
0.5219415656168976,1,A,9.429838168160424,1
0.29698467323318606,1,A,4.223845221843058,1
0.25049285034587654,0,B,3.773136614063236,1
0.3464482094969757,0,B,9.363211539691568,1
-0.6800247215784908,0,B,6.751400611496681,1
0.23225369716100355,1,B,1.1602268134816929,1
0.29307247329868125,0,B,0.42291749222681196,1
-0.7143514180263678,0,A,5.646290509972632,1
1.8657745111447566,1,B,9.301709654384245,1
0.4738329209117875,1,B,8.442487024058185,1
-1.1913034972026486,1,A,6.758477464643365,1
0.6565536086338297,0,B,1.3911584889108752,1
-0.9746816702273214,0,A,2.542313837486956,0
0.787084603742452,1,A,8.755112265526162,1
1.158595579007404,1,C,1.8280723665690046,1
-0.8206823183517105,0,C,2.7843940825043454,1
0.9633761292443218,0,C,1.2960065119544195,1
0.4127809269364983,1,C,6.761082314144112,1
0.82206015999449,1,B,9.439823053632097,1
1.8967929826539474,0,C,2.6896803159538596,1
-0.2453881160028705,1,A,4.754066078500737,1
-0.7537361643574896,0,B,6.343397397112042,1
-0.8895144296255233,0,C,9.994662482156308,1
-0.8158102849654383,0,A,1.0480806499757211,1
-0.0771017094141042,0,B,4.9857079950570915,1
0.3411519748166439,1,B,3.8512011990250006,1
0.27669079933001905,1,C,8.658201652223552,1
0.8271832490360238,0,B,4.759677310116559,1
0.01300189187790702,0,A,1.109775245851481,1
1.4535340771573169,0,B,6.344241452865837,1
-0.2646568332379561,0,A,7.707806182638798,1
2.720169166589619,0,B,0.028812516656145926,1
0.6256673477650062,1,C,8.589566854206295,1
-0.8571575564162826,1,A,1.8602300000566563,1
-1.0708924980611123,1,B,5.520693646533779,1
0.4824724152431853,1,B,4.157975006874501,1
-0.2234627853258509,0,B,7.196538166105304,1
0.714000494092092,0,A,3.711616147857418,1
0.47323762457354485,0,A,8.697631766817107,1
-0.07282891265687277,0,A,7.304963609587903,1
-0.846793718068405,0,C,6.477131710629215,1
-1.5148472246858646,1,C,7.962405955628543,1
-0.4465149520670211,0,A,7.5402303492838225,1
0.8563987943234723,1,B,0.3593867492155334,1
0.21409374413020396,1,C,3.9473435384482816,1
-1.245738778711988,1,A,9.308072973164897,1
0.173180925851182,1,B,1.2572426899222622,1
0.3853173797288368,0,C,7.3709655043205125,1
-0.883857436201133,1,B,9.745918113353296,1
0.1537251059455279,1,B,0.5219862904497163,1
0.058208718445999896,1,B,6.821938806266105,1
-1.142970297830623,0,B,4.681541413010304,1
0.3577873603482833,0,C,5.791752553747221,1
0.5607845263682344,0,C,0.8534133648432485,1
1.083051243175277,1,C,0.4300695186693948,1
1.053802052034903,1,A,6.668666605509217,1
-1.377669367957091,0,C,8.23309429820718,1
-0.9378250399151228,1,B,7.820153349329672,1
0.5150352672086598,0,C,5.438057278662374,1
0.5137859509122088,0,B,0.9986682113617817,1
0.5150476863060479,1,A,6.880444438360138,1
3.852731490654721,1,B,2.4188888355414595,1
0.570890510693167,1,B,9.110687027673837,1
1.135565640180599,1,B,8.382653595457048,1
0.9540017634932023,0,A,7.093829670873909,1
0.651391251305798,0,C,9.488459558311304,1
-0.3152692446403456,0,C,0.3142182151127293,0
0.7589692204932674,0,A,7.36200425060762,1
-0.7728252145375718,0,B,3.3024277933640533,1
-0.23681860674000887,1,C,9.060658856863652,1
-0.48536354782910346,0,A,2.666751966619776,1
0.08187413938632256,0,C,7.24856499315017,1
2.3146585666735087,0,A,8.776470196507814,1
-1.867265192591748,1,B,0.41656818382682426,0
0.6862601903745135,1,C,3.9764757959203614,1
-1.6127158711896517,1,A,7.6230903202193865,1
-0.47193186578943347,1,C,4.54918889507587,1
1.088950596967366,0,C,2.672526297935953,1
0.06428001909546277,0,C,2.1980534882319,1
-1.0777447779293061,1,C,1.3151826691637791,1
-0.7153037092599682,1,A,8.571295598562823,1
0.6795977489346758,0,B,5.753554032515559,1
-0.7303666317171367,0,A,0.7638494499145598,0
0.21645858958197486,1,A,3.8258032357063545,1
0.045571839903813784,1,A,3.677336508051099,1
-0.6516003476058171,1,B,1.8173919070946298,1
2.1439440893253257,1,C,4.355076254721907,1
0.6339190223180112,0,C,3.3209936539313647,1
-2.025142586657607,0,C,3.4180370549218253,1
0.18645431476942764,0,B,7.390265577879587,1
-0.661786464768388,1,C,2.2326338550519633,1
0.852433334796224,1,B,6.418599588553554,1
-0.7925207384327007,0,C,5.706496238809349,1
-0.11473644146689901,0,C,5.680925123378673,1
0.5049872789804571,0,A,6.630073461417759,1
0.8657551941701215,0,B,5.483820361956539,1
-1.2002964070557762,1,A,8.792551148463847,1
-0.3345012358409484,0,A,6.755800919502598,1
-0.4749453111609562,0,A,5.469632513713881,1
-0.6533292325737119,0,B,8.297631202876449,1
1.7654542402810969,0,B,6.061465649334798,1
0.40498171096095553,0,C,2.9114424778517902,1
-1.2608839543350452,0,A,2.0709491817657124,0
0.9178619470547761,0,C,1.523277856626788,1
2.1221561970126332,1,A,8.994552125461016,1
1.0324652605511468,1,B,7.101354317980658,1
-1.5193699659540134,1,B,9.373784381643208,1
-0.48423407286625136,1,B,6.0329180571494305,1
1.2669111491866227,0,A,4.734008814949125,1
-0.7076694656187807,1,B,0.5971648897088933,1
0.44381942814622843,1,A,6.716422815460298,1
0.7746340534293368,0,C,5.822087597682311,1
-0.926930471578083,0,A,9.902088935876215,1
-0.05952535606180008,1,C,2.3915877778224304,1
-3.2412673400690726,1,A,5.307373552868358,1
-1.0243876413342898,0,C,6.509573351180727,1
-0.2525681513931603,1,B,6.445911747423436,1
-1.2477831819648495,0,C,5.612935429484027,1
1.6324113039316352,0,B,7.769280103272255,1
-1.4301413779606327,0,B,2.049812095268164,0
-0.44004448669698376,0,C,7.256272002744159,1
0.13074057728609134,1,A,6.197345714330892,1
1.4412732890661155,0,A,8.960751117945733,1
-1.4358621511794394,0,A,8.471944390335818,1
1.1631637521549596,1,A,3.1514703913255326,1
0.010233061019587049,0,A,2.7623732497515308,1
-0.9815086510479509,1,B,9.816533238524478,1
0.46210347426327075,1,A,5.272651809152565,1
0.19905969557347003,1,B,9.064209639144368,1
-0.6002168771587947,0,B,1.638810237804822,0
0.06980208499001891,1,B,6.428189148001743,1
-0.3853135968617602,1,C,8.098601873605862,1
0.11351734525124804,0,C,9.473952495864468,1
0.6621306745210467,1,B,3.373401410170235,1
1.586016816145352,1,C,7.249811699240524,1
-1.237815498826849,1,A,5.38813009039619,1
2.1330333746562666,1,A,0.6062892606646819,1
-1.9520877995225019,1,B,6.899997373089434,1
-0.15178509503558332,0,A,6.900965582378435,1
0.5883172064845765,1,B,9.30606804846537,1
0.28099186773503265,1,B,4.973124461689724,1
-0.6226995198205938,0,A,2.302509207105147,1
-0.20812225035727522,0,C,0.4456382344867915,1
-0.4930009346588328,0,A,4.156421866859057,1
-0.5893647569442115,1,A,3.019167000775018,1
0.8496020970210246,0,B,7.610883060238756,1
0.35701548596504734,1,B,3.542677648410466,1
-0.6929095952606542,1,B,9.490711963148438,1
0.8995998754332507,0,B,9.623102029877842,1
0.30729952087660933,0,C,6.209085902177081,1
0.8128621188389601,1,C,9.28660287014883,1
0.6296288419236122,0,C,7.6085434451449565,1
-0.8289950109220723,1,B,5.468596409751262,1
-0.5601810401969696,0,B,1.8030793542277812,0
0.7472936051232618,0,B,4.5859794351384,1
0.6103702654334648,0,C,5.608744633626176,1
-0.020901593964148132,1,B,8.639615807350102,1
0.117327383308782,0,A,4.813333765356649,1
1.277664895788425,1,A,8.976746726779567,1
-0.5915713888358299,1,B,6.743489790234689,1
0.5470973811700379,1,A,1.3699906305367138,1
-0.20219265243389406,1,A,9.94981369325093,1
-0.2176812032272203,0,C,5.272326607539126,1
1.09877685198719,1,B,3.9185829640907888,1
0.8254163489880298,1,B,6.591137644695265,1
0.8135096360006385,0,C,1.0889331398103907,1
1.305478807154329,1,A,6.365386467533543,1
0.02100384163275905,0,A,4.98236000499273,1
0.6819529712949639,1,B,4.066740699985831,1
-0.31026675659345604,0,A,9.530200211788992,1
0.3241663524884421,1,C,5.225397167320533,1
-0.13014305436768459,0,C,2.1911747946993843,1
0.09699596499271819,1,B,4.589634793772986,1
0.5951570254369136,1,C,9.193874045726727,1
-0.8182206832334725,0,C,1.7609547133059467,1
2.0923872756854602,0,B,2.139570386882369,1
-1.006017381499702,0,C,0.1302956775708375,0
-1.2141886127877322,0,C,0.1419004939576718,0
1.1581108735000678,1,C,8.293916269585125,1
0.7916626939629359,1,A,7.321226068429558,1
0.6241198170521551,0,B,3.5504105645195825,1
0.6283455092642799,1,B,6.983111572275727,1
-0.012246772846914623,0,B,3.9520592630997022,1
-0.8972543714858315,0,A,9.528967959978274,1
0.07580455819372633,1,A,9.670526814260349,1
-0.6771617115121117,1,B,3.927937758093434,1
0.9751197334177512,1,A,8.54221906340868,1
-0.14705738150213865,1,B,7.7308904169746615,1
-0.8254971967925115,1,A,3.0999993717178933,1
-0.32138584165299344,1,C,2.3203982890110595,1
0.41293145427562433,1,C,4.582346503928338,1
-0.5637245528039747,0,B,7.813488406144062,1
-0.8222203955664315,0,A,9.601677847287455,1
0.2436872114919123,0,A,7.635790688665725,1
0.24496657110872277,0,C,8.5520698501837,1
-0.5069431753711298,0,C,6.030643061705165,1
-0.4710383056183228,1,A,8.35407830842126,1
0.2320499373576363,0,A,7.844208580034176,1
-1.4480843414973241,0,A,3.769855419262801,1
-1.4074637743765552,0,A,5.519903021207211,1
-0.718444221252436,0,A,8.047531219896948,1
-0.21344715171184725,0,A,0.4605673418995637,0
0.3109075655980046,0,B,8.0807928235583,1
1.475356216949552,0,A,1.7788812404902343,1
0.8576596232020194,1,C,5.14683617121439,1
-0.1599385299634271,1,B,8.082754395559377,1
-0.01901620790268883,0,A,2.5382107815669483,1
-1.0025293646378088,1,C,2.45807439306153,1
-0.01851313599238993,1,B,4.027643984622519,1
-0.2886586389201383,1,C,8.946427975776345,1
0.3227185603380895,1,A,0.004427814372078842,1
-0.827230943552323,0,A,9.013830966419349,1
0.5193465142411723,1,A,1.5380702464160778,1
1.5327389130025777,1,A,9.90086376067482,1
-0.1087601484568576,1,B,9.54846993038468,1
0.40171172209894146,0,B,4.946751895912833,1
0.6901439917111125,0,C,5.127202478126281,1
-0.40122047188583626,0,A,4.815493402758543,1
0.22409248181041677,0,C,6.354436456595226,1
0.01259240078179486,0,B,0.9072170223493103,1
0.09767609854883172,0,A,0.32617948341566505,0
-0.7730097838554665,0,A,0.5770292841589886,0
0.024510174258942714,1,B,4.443653492415144,1
0.49799829124544975,1,B,2.755479392194834,1
1.4511436077950417,1,B,6.220395623709938,1
0.9592708260852069,0,B,9.92442289374779,1
2.1531824575115563,0,B,3.8632317307646593,1
-0.7673475628880495,0,A,5.738412541045133,1
0.8723206367206782,0,B,4.156038959073355,1
0.18334200573835174,0,A,8.472716677218594,1
2.1898029332176723,1,A,9.022364034622381,1
-0.8082982853551515,1,B,8.7735561220526,1
-0.8397218421807761,0,B,9.743722386792577,1
-0.5993926454440222,0,A,0.2751918514041529,0
-2.123895724309807,0,B,8.39816162145531,1
-0.525755021680761,0,B,7.5177217303909325,1
-0.759132661553698,1,B,2.2869440940036476,1
0.15039378647620763,0,C,9.563200933875276,1
0.34175597577715944,0,A,1.4817792822994547,1
1.8761708392158862,0,C,6.795499271339084,1
0.9504238381860503,0,B,2.248902168159125,1
-0.5769036556624031,1,C,4.313806487740747,1
-0.898414671348358,0,B,7.191598969445689,1
0.4919191715065057,0,C,5.633246420330467,1
-1.3202332070206422,1,B,4.275018313281117,1
1.8314587658543537,1,C,3.2633843093198722,1
1.179440120721287,1,C,8.396596557087904,1
-0.4691756521047048,0,C,1.438143503148137,0
-1.7131345290908775,0,A,4.301028765298001,1
1.3538723741654128,1,C,9.037575717751421,1
-0.11453984525261789,1,A,8.458495504599677,1
1.2378163119734618,1,B,4.009417624730467,1
-1.594427658794367,1,C,7.6310836360130825,1
-0.5993750229537729,1,B,8.231608307088592,1
0.005243699718183166,1,B,8.888874240036298,1
0.046980593764742055,0,C,5.44505769049228,1
-0.45006547147924364,0,A,2.044608860547118,1
0.6228499323474987,0,C,2.5530907650393164,1
-1.0676204293825944,1,B,2.956946740416042,1
-0.1423794850212935,1,B,5.938024808096155,1
0.12029563171189886,1,C,0.3280962412860844,1
0.514438834058749,1,A,6.360424687799683,1
0.7116148780888898,1,A,3.64354238428232,1
-1.1246420918378692,1,B,2.9524180248964216,1
-1.5341141707356223,0,B,8.794965707281264,1
1.277676821898509,0,A,4.600023955807989,1
0.33231401197959165,1,C,0.9505304553269278,1
-0.7484865365565536,0,B,8.26746768026247,1
1.551151975522523,1,A,0.476412574365066,1
0.11567463429285867,0,B,7.267492241681967,1
1.1792971840638264,1,C,7.7390622177066515,1
0.06751848141010895,1,A,3.526026059288582,1
2.060747924881987,0,B,8.247878562777867,1
1.7553408424432044,0,C,5.156594058564535,1
-0.2489641484790735,1,B,4.632936532727968,1
0.9715709509543554,1,C,0.45403281468692547,1
0.6453759495851475,0,C,2.900291936489059,1
1.3686315575323487,0,A,9.310099708852999,1
-0.9649234605801045,1,C,3.918239632835,1
0.6860514599984393,0,B,5.467005205567683,1
1.0584244868495878,1,C,5.320216789842518,1
-1.7587394864231143,1,C,5.9043108982269334,1
-1.183258512665775,1,A,0.6133095564328261,1
-2.0392321777601006,1,C,3.6217625479872826,1
-0.26940683444455776,0,C,7.231282738825541,1
0.7175422557959623,0,B,2.005602510729829,1
1.502357052096028,0,A,2.0357837754636043,1
0.07409478041977519,0,A,0.10090606689024728,1
1.6286155455712918,0,A,4.374819266082097,1
-1.3801014582148914,0,C,8.82734380673422,1
-1.7033824393551547,0,A,0.5190094358730901,0
-0.05554769889661878,1,C,1.9111870949600263,1
0.3840654489393073,0,C,3.1008453834275507,1
-0.03269474809409311,0,B,7.317247365642129,1
-2.0674421000398766,1,B,6.4063559280258655,1
-0.08912003951278841,0,B,4.159439045818551,1
-1.3044695005048532,0,B,7.590689392583757,1
0.6696725488300385,1,B,6.096310116569019,1
0.36659824609684827,0,C,8.96040799657219,1
-0.9398797863273552,0,C,8.18026749138693,1
-0.5138669173366935,0,A,2.5281360608920056,1
-1.0592135218889516,1,C,2.7143857763420023,1
-0.06267909727317188,0,C,1.2535647579238562,1
0.9551423205012383,0,B,3.369647257174565,1
-0.9857260463355437,1,C,9.995439187190943,1
0.5040465155178444,0,B,4.05751168615061,1
-0.5302576183724408,1,A,2.204884346891064,1
-0.7928728322623442,1,A,7.62482884475553,1
-0.10703035995455783,0,C,5.42471003462656,1
-1.035242322419374,1,A,1.4960144952695253,1
-0.553649305347182,1,C,3.8068968116086577,1
-1.1978778925888485,0,A,4.144697155393433,1
1.9647251329163893,1,B,7.538297005692186,1
0.03526355197172861,1,B,0.20671368891904462,1
-0.6997255079925856,0,B,2.690196467983105,0
0.213979910734222,0,B,5.17596301315522,1
-0.11232804969082982,0,C,2.6884674245284335,1
-0.22096959953322298,1,A,6.284340474189989,1
0.6141667000434252,0,C,4.818674792746166,1
0.7575077100473051,1,B,3.617102548595806,1
-0.5305011476105275,1,C,9.492086268705123,1
-0.57581824064468,1,A,6.321594991864574,1
-0.275051697151644,1,C,1.2994137226794122,1
-2.301921164735585,1,A,5.600916974433955,1
-1.5151910621985523,1,C,7.80731853200901,1
1.3668742674445247,1,A,7.0848969749279735,1
1.6449677135012837,0,A,1.7208922929525938,1
-0.24903603955637832,0,B,9.724199990401033,1
0.5765569630557664,1,A,4.48813645746606,1
0.3112501545435361,1,B,1.590250037402613,1
3.0788808084552377,0,B,1.8019575412814792,1
1.1195749114345768,1,B,0.982349921890805,1
-0.12791759148076653,0,C,8.035181084349343,1
-0.9555404406004258,0,C,1.2203049432184865,0
-1.6064463202575725,0,C,1.2512525714174694,0
0.2034636358672231,1,C,8.504716147608377,1
-0.7563507452843033,1,A,3.446040844475596,1
-1.4222537095976742,0,A,0.3085790430807245,0
-0.6465728842425266,0,C,0.5189529951841088,0
-1.081548003614395,0,A,1.4217044670389556,0
1.6871416350725648,0,A,2.1339334797568954,1
0.8816397569494505,0,B,6.651461942384054,1
-0.007972641316617372,1,B,1.5732628000182824,1
1.4799441388900259,0,B,1.18874391177072,1
0.0773683076476183,1,B,7.6471914147627915,1
-0.8612842013282637,0,A,6.710552838599144,1
1.5231240772696573,1,C,4.3532422145523615,1
0.5389100436846587,1,A,5.493097714801039,1
-1.0372461543264564,1,A,3.119840203264185,1
-0.1903386780836082,1,A,4.825004202353607,1
-0.8756182533847572,1,B,5.066726489827458,1
-1.382799730964336,1,B,3.872372711780959,1
0.9261775475316414,0,B,9.065722106721628,1
1.9094166404701305,1,C,0.16061864981006146,1
-1.3985675738191412,0,A,7.821712630912462,1
0.5629692366905709,1,C,1.2438283124132432,1
-0.6506425691218269,1,B,7.975473605371994,1
-0.48712538376469605,0,C,6.159119156767212,1
-0.5923939242388692,1,A,8.432780909364023,1
-0.863990769679816,0,A,0.9751432564089746,1
0.04852162794482699,0,B,5.5898063409977405,1
-0.8309501164110378,0,B,5.010878802621971,1
0.2704568257798388,0,C,7.061931829633586,1
-0.05023810944913695,1,B,5.3429055189367585,1
-0.23894804686640975,1,B,5.407345671331042,1
-0.9075636620415979,0,A,4.295959435760647,1
-0.5767713305683327,1,B,3.0883442400734085,1
0.755391225825756,1,B,4.822643612521922,1
0.5009171876243808,0,A,1.1849235876840059,1
-0.977555244798551,1,A,9.615133389830849,1
0.09933230542922587,0,C,7.144107636265983,1
0.751387123371789,0,B,9.524671166878468,1
-1.6694052811213718,1,A,2.2672738232996323,1
0.543360192379935,1,C,8.79341020176528,1
-0.6626237589458467,1,C,8.087899845635384,1
0.5705986685931593,0,B,6.771524124576737,1
-0.7632591565425169,0,B,6.250291860852057,1
-1.804882100664519,1,C,3.1654966526786996,1
-1.6275424378831627,1,A,8.164107849650307,1
0.048084946661381994,1,C,5.015154614797338,1
0.25972250172148187,1,B,0.7089157589128536,1
-0.9043166251044086,0,A,3.1286316085513,1
0.6385924587773739,1,A,9.352970985453275,1
-1.6615200622689599,0,C,8.506802606048463,1
-0.06607979864731657,0,B,9.819056980765392,1
-1.2110161997624567,1,C,6.279933826040981,1
-0.6518361078021592,1,C,2.47510073140412,1
0.047398671316414016,1,C,1.6281504967686378,1
-0.8604133652839524,0,A,1.8691444060846163,1
-0.38455554422982535,1,A,0.19795658347254386,1
1.0062928092144405,1,B,3.9068211098593917,1
-0.5768918695231487,0,B,1.914276804995425,1
0.8356921120651418,1,C,4.116554604567025,1
-1.129706854657618,0,C,9.349944318387655,1
0.5298041779152828,1,C,4.3054020950719,1
1.4415686206579004,0,B,8.779844969848348,1
-2.4716445001272893,1,A,6.055047666158765,1
-0.7968952554704768,1,A,2.471315546613919,1
0.57707212718054,0,C,3.558547592592114,1
-0.2030453860429927,0,C,0.8391953582142941,1
0.37114587337130883,1,C,3.334625935960105,1
-0.6039851867158206,0,C,6.775409455035341,1
0.08658978747289992,0,B,0.7211109292943518,0
-0.15567723539207948,0,A,2.0540140847802935,1
1.1677820616598074,0,C,3.814410414133115,1
0.2544208433012131,1,B,9.820495370159625,1
0.3376026620752022,1,C,7.848618229588801,1
-0.4118769661224674,0,C,7.334867464921039,1
-0.48760622407249354,0,A,1.1619095652544598,0
-0.4325581878196209,0,C,7.809958936149915,1
0.39445214237829684,0,A,7.852688115160151,1
-0.42098448082026296,1,A,6.011026956243283,1
0.2897748568964129,1,A,9.903617819983719,1
2.075400798645439,0,B,3.2525390592455192,1
0.8711247034316923,0,B,9.412724482418517,1
-0.32602353216784113,0,A,9.147311149565036,1
1.2012139221639448,1,C,0.11480659749377842,1
-0.4080753730215514,0,A,4.50116526474811,1
-2.038124535177854,1,C,9.771042330515733,1
-1.008086310917404,0,A,1.031213624080758,0
-1.8707919210258557,1,C,5.477846943833194,1
-0.35151348404130867,0,B,9.78957507041104,1
0.0184183791895517,1,C,5.554954241058602,1
1.6764373122752827,0,A,1.8981530297215599,1
0.32692737376416264,0,B,5.821832300925898,1
-0.21910052880886424,0,C,2.0444057394954687,1
0.8294055811834892,1,C,5.197042628944843,1
-2.211135309007885,0,C,0.74042217912348,0
0.23561455810856594,1,C,6.054826692144046,1
0.7708651938869668,1,C,5.167899391281582,1
-1.4785862457798415,0,B,7.401613687614631,1
1.143754043206929,0,B,6.30700471158785,1
0.3384964074944141,0,B,5.4960626853075665,1
-0.4152879139008013,1,B,6.897788492481212,1
0.6327818661062848,0,A,1.4394191357223085,1
2.270692857804396,1,B,5.953596612586041,1
0.18186625505849516,1,C,1.7211060282277768,1
0.24822058630033608,0,C,9.255222078518809,1
-0.4593608995402441,0,B,0.683341048456042,0
-0.8498443694647918,0,C,4.303747496907933,1
0.8303358165442456,0,B,6.957974776554448,1
-0.8560838259088672,0,C,4.580222116682587,1
0.07156623721939247,0,A,0.9209525323290235,1
-0.4776574467651167,1,A,5.533790161267074,1
0.47897982574639186,1,B,6.4163190882735455,1
0.3336621052869483,1,B,7.037923109905076,1
1.0375399442578992,0,B,3.7325981446275893,1
-0.510016398854747,1,C,5.636599710287622,1
-0.26987493529337125,1,B,4.506864749389131,1
-0.9787637157823074,1,A,6.720560387522534,1
-0.4442932600761116,1,C,5.835569673248186,1
0.3773004930448522,1,B,5.2575621955913485,1
0.7569886166453519,0,C,2.4952436683824866,1
-0.9221653241776254,0,C,0.020185177482339167,0
0.8696059201056602,1,B,1.7408167531142926,1
1.355637858804951,1,C,1.1706604142416865,1
0.41343490322370086,1,A,4.4908474501094675,1
1.876795812558066,0,A,6.122581507618446,1
-0.773789199103573,0,C,2.1308500868480817,1
-1.244654703311417,1,B,9.390570959671871,1
-1.7787202489042786,0,C,0.06682129223887778,0
1.496044311489183,0,A,7.723010151653429,1
0.6543656563540577,1,C,6.252047695304422,1
-0.05558467091045507,0,C,3.735548010476819,1
0.2799686263198203,0,A,0.5048894441240792,1
-1.1254890472983765,1,C,6.274865717842793,1
2.4457519796168263,0,C,3.8561351286564802,1
0.1292211819752275,0,B,9.362671394132192,1
0.10939479460489289,1,B,5.419900748897659,1
0.725766623898692,0,A,9.396515112935083,1
0.4810092317367132,0,A,2.204836934733041,1
0.22388402427913137,1,A,7.257259103641033,1
-0.7904744554453119,1,B,6.172490208487257,1
0.4714683571359957,1,A,7.394082298313118,1
1.8820244964750337,0,A,2.146678639725368,1
1.3454200461549777,1,A,6.649945162377737,1
1.593186626639397,0,B,4.98040393056869,1
-0.5112156764311852,1,C,7.428249749063163,1
-0.9896048202585809,0,A,3.2704464415181778,0
-0.12578692009964815,1,C,8.900570254652525,1
0.055724912288694604,1,A,0.8430131461135038,1
1.0941915184709485,1,C,8.071893187911881,1
-1.6924646297148194,1,B,8.613196258150907,1
1.5295503194606137,0,B,8.172523113668213,1
-0.15800789857898942,1,A,5.12726394261776,1
-0.42688106994742003,1,C,4.383849800307614,1
-1.0121043752601675,0,B,9.962622865248768,1
-1.6548566718657693,1,A,2.291719512141621,1
0.8231705839619146,0,A,5.468759658760446,1
0.07331796718840389,1,B,6.706755253823255,1
-1.2899608997410539,1,B,7.00867635861432,1
-1.295078772063616,1,A,2.040246657385787,1
-0.3357846992901282,0,C,6.539940923398012,1
1.669021525289393,1,C,8.183695664813373,1
-0.2595913513636048,1,C,0.5001857682111222,1
-1.5031429531181062,1,A,9.115212933253165,1
-0.24574306408594432,0,B,0.2950405514520593,0
-0.2727235697476705,0,A,3.5597103248839437,1
-2.6968866429415717,1,B,0.15813196232962068,0
-0.05429486651781221,0,C,0.7714516853958187,0
-0.23093453020867796,1,C,9.11168285180079,1
0.6962063648134184,1,B,3.5486083074614783,1
1.8489560949453452,1,B,4.247715304250529,1
1.1265650295477574,1,A,2.1534438138255263,1
-0.26888869055483056,1,C,5.9709577018671975,1
-1.1065259087416703,1,A,5.948032146777896,1
2.5733598032498604,1,A,3.7220039182521925,1
0.05921843401448826,0,A,3.3303487180539837,1
0.013929291912946203,0,C,8.849643081805878,1
-0.024125087110003277,0,A,3.8328423964220137,1
0.19808476076785494,0,A,4.935009921544083,1
-0.14436041192394247,0,A,2.833047624249306,1
-0.5736620068802363,0,A,7.867695033571273,1
-0.5468589412403921,0,A,3.9744815689909165,1
-0.03275327021599839,1,A,5.136110465443245,1
-0.543424771133765,1,C,2.533571700596614,1
-0.7128457826771644,1,A,9.876595923412518,1
0.10643022769189683,1,B,2.914957409237229,1
-0.2549772174208553,0,A,7.707425309055517,1
1.5039929885826886,0,A,4.274956503567592,1
-2.650969808393012,1,C,2.062174050841399,0
1.0915068519224618,1,C,7.997187639648612,1
1.246085192497629,0,B,3.3360678902904315,1
-2.0733902324081495,1,B,8.651933473978112,1
-0.34268759408034877,1,C,9.15257184917823,1
-0.37144086599579146,1,C,8.598238353912759,1
-1.4075116947178212,1,A,0.3500791480680565,1
-0.7778166875908753,0,C,7.873733450051056,1
-1.1105758454658288,1,B,4.113394664991439,1
1.7522704434236227,1,A,8.73722920182225,1
0.9356783931474612,0,B,6.379542626847387,1
1.2715550949941588,0,A,8.336431341439583,1
0.7216720640432351,1,C,4.994317698668354,1
-1.1290517712172292,0,B,5.3502550459893286,1
-0.5245202662797737,1,A,1.4438763213366723,1
0.48937456122791806,1,A,7.839873586893554,1
-1.2221278088919454,0,C,4.193896116669716,1
0.7129984301723881,1,C,5.000801182715826,1
-0.24032539815813503,1,C,7.850977140957076,1
-0.3748208075495975,1,B,5.988454000794389,1
0.7109599682034915,1,A,2.0109872744266744,1
0.44426331148603976,0,C,5.902326591508928,1
-0.3609661658190799,0,B,4.076328579796558,1
1.159329803364248,1,B,4.6952554204386265,1
-1.0810633275998973,0,B,0.28311274402667785,0
0.6159356069442637,1,C,2.1002934951628163,1
0.5931012579683838,1,C,2.8103808138102826,1
-0.3095464393139903,1,A,7.129600078588058,1
0.326133022242118,1,A,0.11492473298115313,1
-1.251113576385303,1,C,4.087772612291321,1
0.924027019206901,0,B,9.240268704257328,1
-0.18490213644298903,1,B,1.1188061654912385,1
-0.5227230205190395,0,B,5.16424388218611,1
1.0490092258368893,0,A,7.865223823908471,1
-0.7043436905427592,1,B,9.425313075201167,1
-1.4084612963635597,1,A,7.46776639533718,1
-1.5566291735239037,1,A,7.205655486444061,1
0.6060099513456396,1,B,8.264880901957625,1
-1.280429352496283,1,B,4.462012209775437,1
1.7547941819843647,0,C,8.058445326178331,1
-2.081929407883722,1,C,0.07964404745451126,0
1.6964563682900382,1,B,9.24561055376805,1
0.2110174672026184,0,A,4.433065095171753,1
-0.09671311187039239,0,A,5.533801878657476,1
-0.5449190868089497,1,A,2.548822489148823,1
0.39913611435207086,0,A,7.425308328404214,1
-0.037634702424848364,1,A,0.7663580647524881,1
1.1033018820165215,0,C,8.726358025468352,1
0.11422764866203965,0,B,8.281168290063427,1
0.1503017614618776,1,C,2.160601162447664,1
-0.36361221221385587,0,A,8.093243982852623,1
-0.056945623721067457,0,A,7.863577330614815,1
0.3078017688920592,0,A,6.32216597753949,1
-1.7101683926566256,0,A,3.735201768996875,1
-1.348185422105713,0,B,2.7149875418186786,1
0.743264094022715,0,A,2.3178359028935,1
0.17086543812794186,1,B,3.186089627636072,1
-0.18398333635267913,1,A,9.035584434325303,1
0.01843393306539316,0,B,0.7764077598878127,1
0.34758170536167105,1,C,8.288712762529586,1
-0.5397596803093615,1,A,3.4889007504182357,1
-0.7783047254023127,1,B,5.215993960113582,1
0.19584525509768155,0,C,7.944856336484907,1
-0.978372777615032,1,A,8.843765470229712,1
0.40825275571447184,0,A,3.4478142007264703,1
-1.7025836042378404,1,A,4.6184348127511035,1
1.0291556373256436,0,B,4.145160648167923,1
0.472597482413043,0,B,0.13251033503910548,1
0.25602973431387566,1,C,2.959428888586566,1
0.9826909839455139,1,B,4.591892337325618,1
1.6654744444625766,0,B,4.110936088804397,1
1.0143700650181304,1,A,7.2192922751567945,1
-1.8408742313316453,1,A,3.8480361722110326,1
-1.2795769667357015,1,A,4.893764489706703,1
-0.6248185776956788,0,A,4.296085921323634,1
0.026091050210833786,0,A,7.406261488943705,1
0.517659020469123,1,A,8.629723989869625,1
-0.7257438131534656,1,A,5.318890790075141,1
0.18676676447707832,1,C,7.894321941951912,1
-0.7553829323533225,0,C,2.967866820198506,1
-0.6115178029919482,0,C,5.413696101572687,1
-1.4066610968482223,1,C,3.4522995366997247,1
-0.9232332461109043,1,A,4.142009255718303,1
-1.3516846056163336,1,C,7.324138648126686,1
-0.9758732529773327,1,A,8.816624823327126,1
1.0536417966078395,1,C,1.2149539108776541,1
-0.949398888831943,1,B,6.346392564873805,1
2.632382064837391,0,C,5.821438075777985,1
0.4933179008808892,1,C,1.1841503917593188,1
0.1848361236948739,0,A,2.118943304401091,1
-0.8583577801812136,1,C,3.110024947326803,1
0.7003098794089914,1,B,1.6693107081750147,1
-0.5756378262377739,0,A,2.437294825243418,1
0.12200981464536144,0,A,2.676007988617075,1
2.5600845382687947,0,C,3.356738330390596,1
-0.09605989972464987,0,A,7.493904528011591,1
1.1492733262856758,1,A,5.719122038506007,1
-0.7031764251258874,0,A,9.862466719514014,1
-0.0349884904969617,1,A,4.14735826967471,1
1.77080063563551,0,A,7.538650738369251,1
-0.6269670577877674,1,A,8.714684213765338,1
1.8124485579969287,1,B,6.789784930380419,1
0.7077519354554754,1,C,4.1186474041749594,1
-0.5624667758942676,1,B,7.53594630745753,1
0.632407739055521,1,A,2.0366713777268486,1
0.9725544496267299,1,A,3.2755216518013244,1
0.6218099622171964,0,C,5.466852550992888,1
-1.5702247198904564,1,B,5.754093872861484,1
-0.7271371758248686,0,C,0.22141475472629457,1
-0.24751863555150475,0,B,9.451141887560087,1
-0.07443342910004629,1,A,6.9662727121739,1
0.620672097550678,0,C,4.957037502318911,1
0.17770100093325383,1,C,9.331272344083084,1
-1.3353443587101013,0,A,4.390955652508285,1
0.3801978510059632,1,C,9.804355702703717,1
0.6105857452838231,0,B,5.122847572434851,1
0.5597904479310398,1,B,1.1428576999797946,1
1.0807807255546218,1,B,7.6480097245927725,1
0.8339221545489041,1,B,6.788977250778405,1
0.4591800792284367,1,A,7.729867213055868,1
-0.07016571145864703,0,C,9.514420287256812,1
-1.6609609335159914,1,B,7.764893026510181,1
0.42961821913258585,0,A,6.113366022166469,1
0.20768768716311115,0,C,8.573089023608409,1
0.27157883719537346,0,C,6.732464393545316,1
-1.2767485758203094,1,A,4.081190568259231,1
-1.0810565404082624,0,A,8.856197642417733,1
1.0531528533329035,0,B,2.2190046078437287,1
-0.03955515385665504,0,C,7.146412749087242,1
0.6815006973726244,1,C,8.81563454940757,1
0.028318376130461172,1,A,7.313165197032962,1
0.02975613949574519,0,C,6.972754190538569,1
0.9382838059759977,1,B,7.52638294071836,1
-0.5160447282173739,1,C,4.650552483006444,1
0.09612077694098337,0,A,8.74170682157026,1
-0.4622752887050425,0,A,2.034364751360912,0
-0.4344962274323156,1,B,1.2738641600033929,1
-0.30917212346863937,0,B,2.8550878011851157,1
0.22213377163371284,1,C,5.315773967749932,1
-0.4787486216634773,1,C,5.105617954093381,1
1.2557561255735208,1,A,8.205987576765866,1
-0.8946073022195039,1,B,4.0456865640401745,1
-0.18687164416135904,1,B,4.843444262915087,1
-0.4397310582741749,1,B,0.13367683259395635,1
1.4469778843537329,0,C,4.097392364429391,1
0.19655477651157463,0,B,6.477742329503421,1
1.0318445394686349,1,A,0.15508330626592182,1
-1.485560373036972,1,A,2.8088196518624375,1
0.26705026586925884,1,C,2.0795635928938996,1
0.889630795623437,0,C,0.4198542890958823,1
0.08228398927542419,1,B,4.792600899145375,1
1.0654803750653512,0,C,1.817232932281565,1
-0.5172884501003722,1,A,7.430815396313801,1
1.40934744018558,1,B,8.479278837633485,1
2.2988981236192503,0,A,5.455851826691478,1
-0.36283856043965906,0,B,9.817073425211415,1
-0.4455025214007718,1,C,4.504785714705953,1
1.453384477117701,1,B,5.133682102249155,1
1.5795721457307124,1,B,9.892177539577501,1
-0.5228600271532683,0,A,2.315484359650488,1
-0.42018681709585726,0,A,9.425459396769053,1
-0.2817846088605072,0,B,0.42837555119113246,1
-1.344450511034277,0,C,4.463868902631948,1
-0.9186519464841982,0,C,0.7000351213306577,0
-1.0041407667520679,0,A,7.29234742913643,1
-0.7677975651041284,1,C,6.084089358800178,1
-0.03468488738678118,1,A,7.066342634675964,1
0.23421473253652075,0,C,3.74480399968017,1
1.5505004928140769,1,B,3.6948193403138028,1
-0.998354040738791,1,A,0.45319278960894605,1
0.9843223984765838,0,A,3.4994493952963976,1
-0.21398884422550896,1,B,9.292884022620594,1
-0.04946370965243295,0,A,3.79226537180449,1
0.6748194921666038,0,C,8.3136770622197,1
-1.1227220215622986,1,C,8.42325504749934,1
0.3824097461840506,0,A,3.732411563792338,1
0.1664522082130561,0,C,6.31988680396189,1
0.4924512640081491,0,A,0.9537160227305863,1
0.2891686439078181,0,B,1.036785807342765,1
2.4553001399108942,0,A,0.48657663661713313,1
-0.637739984251316,0,B,5.810150933751094,1
-0.5309969550018176,0,C,4.2607097762609705,1
-0.6231405264247644,0,B,5.480323566642401,1
-0.5554771191602547,1,C,5.210731905083879,1
-0.6373871273065177,1,A,3.5020299109073028,1
1.1890165311075518,1,C,6.774734148234729,1
1.4205042479898549,0,A,7.585018809163907,1
-0.5707462937494763,0,A,0.14628258877675715,0
-0.8323555731042287,1,B,2.072422997688783,1
0.4714155563864041,1,B,7.132358680833368,1
-0.5522230442809712,1,B,3.8662017263383417,1
0.6329318177555108,0,B,6.624839469416082,1
0.2029230208512997,1,C,3.4696265973455844,1
-1.515744114997232,1,C,3.907551523296371,1
1.5475052013300616,0,C,1.5867887368968492,1
1.7958776730955217,1,A,2.5823101966616004,1
-0.6127886904843862,0,C,6.054117575075873,1
-0.38770155993598415,0,C,4.331631113151664,1
0.28586539072490497,0,C,7.743026829445951,1
0.334456789987025,1,B,8.525849549383427,1
0.6585442726728304,1,C,5.416464182167599,1
2.0102045387663496,0,A,7.582672920560592,1
-0.1769472274940494,1,B,3.0690451319457,1
-0.7982972445384537,1,A,4.149712154000782,1
-1.3793192280145272,1,C,7.12777676216831,1
-0.7309300399419191,1,B,3.8621199281703067,1
-0.033126972873797095,0,A,5.885049351589888,1
1.7945578635177877,1,C,1.8537277908251149,1
-0.5176112990361714,0,A,5.99771314970498,1
0.2237879516388985,0,A,8.615137072268936,1
-0.016422896072752075,1,A,8.686396398234256,1
1.188393273448084,0,C,7.243444063295397,1
2.5269324258736217,1,C,7.457533790761261,1
-0.5308687729203206,1,A,5.579274451507007,1
-0.48943944251822213,0,B,5.846680901658248,1
1.044160877069072,0,B,1.33650581410518,1
0.6818914896263114,0,C,4.438591884213011,1
1.8467073257360336,0,C,4.507762838863638,1
0.5839281853259639,1,C,9.584978356677402,1
-0.35929209078705954,1,C,4.310868626232894,1
0.5906548306923093,1,C,5.493426449027576,1
1.1087035805829077,0,B,5.332513992791025,1
0.820482181197364,0,C,6.367617170443271,1
0.5072740311072977,0,A,7.482328313318959,1
1.066674689589154,1,A,2.2504187617087212,1
1.1692955904456728,0,B,5.287244190984357,1
1.3821589910375272,1,A,8.259177073160304,1
0.6487098875896427,0,B,4.631147138375114,1
-0.16711808031685435,1,B,2.78457546373573,1
0.14671368643332283,1,A,6.5470907535629905,1
1.2065089665083568,0,C,8.23767395799123,1
-0.8169356709872361,0,A,0.6314029292739132,1
0.3686733088729012,1,A,7.767904834072271,1
-0.3933388123273607,1,B,8.216479329617712,1
0.028744822934817487,0,A,4.615229275886068,1
1.2784518626072987,0,B,9.833056568184674,1
0.19109906801990334,1,C,7.867083407073091,1
0.04643654815614881,0,C,7.736625648956657,1
-1.3598561409799192,1,C,7.478385744120718,1
0.7462535660272207,1,A,1.50608103218274,1
0.6454841811410754,0,B,2.172308864530108,1
2.16325472330546,0,C,4.63990131464425,1
-0.30777823495300083,0,B,2.6400434995946584,1
0.21915032766393897,0,B,4.152409723340405,1
0.24938368371075526,0,C,8.884641099229206,1
1.5774532797634744,1,C,8.243268918792692,1
-0.0952955323869521,1,B,6.300398784799822,1
0.27902152577033923,0,C,8.581203942511035,1
0.6078965097165392,0,B,7.837723890172493,1
0.1866091231563581,0,B,4.289849318408905,1
-0.44643361455052827,1,C,2.0106515204994513,1
0.19408999289830758,0,A,5.142010400093392,1
1.073631749859772,0,C,7.362288825285502,1
-1.0265152994110602,1,A,4.36419598729593,1
0.132969674146876,1,B,6.667719097838972,1
-0.7001208149391732,0,B,0.9432742629104363,0
1.1950466289248425,0,A,7.480047363714034,1
-1.5231869047837747,0,B,8.12713619893062,1
-0.5589218472715883,1,A,7.068378557805412,1
0.37721187506452086,0,A,9.672635875263655,1
1.5655240292343404,0,B,8.266520574606403,1
-0.0657502610729878,0,A,9.030937278765382,1
-0.5551995266931984,1,C,9.335710834576481,1
1.8811570694405901,1,C,8.013479918738085,1
-1.448013900416244,0,B,6.742588420064991,1
-2.198805956620082,0,B,0.05718581360789288,0
0.4400144500533324,1,A,4.6582575322312465,1
-0.5020542243526112,1,A,5.71162298622361,1
-1.0212328171307132,1,A,3.0403027244799965,1
0.7083564472993533,1,A,3.1810444690347204,1
0.24380071377119883,1,C,9.611594157101651,1
-0.5640786307367284,1,C,8.917108652027459,1
-1.2803043986708944,1,B,8.491790055017042,1
0.8724573282801447,1,A,4.060118017061106,1
0.650201177958661,1,A,0.13698550408914545,1
-0.09917586377938291,0,B,0.8022224645571407,1
1.8466369960476658,0,A,3.1219636821760366,1
-1.0700847663261526,0,A,0.15742912995676983,0
-1.5255251709247388,1,A,0.17149781915198115,1
-0.6919080698812444,0,A,9.16603301642411,1
-0.045586016355497805,1,A,7.061585021190541,1
0.24333944932269183,1,B,3.0895599006815266,1
-0.24123605785632987,0,A,1.3264457760095316,0
0.3520553965142968,1,B,5.116357178950771,1
-1.251539424190444,0,A,0.05346160854364457,0
1.4437646040732595,0,C,9.38413743858144,1
-0.0821511783925688,0,C,4.148151193889472,1
1.1172958315881276,1,C,4.023349552373327,1
0.34272534637770413,0,C,3.905936075817822,1
0.4567532191537839,1,B,0.6932833038776476,1
0.5697672802322039,0,B,6.383222397918265,1
0.44770856001731496,0,A,7.330036196283533,1
0.6427227598675439,0,C,6.7612539758829024,1
1.3291525301324314,1,B,1.384354933293943,1
0.19652116970147013,1,A,5.788401680355926,1
0.7090037575885123,1,A,5.694844841722539,1
-0.08973569428722672,0,B,8.684107879413821,1
1.4401172154494728,0,C,3.7912765837564697,1
-0.6763923020592697,1,A,3.714859436594342,1
1.8009404329108156,1,C,6.185270587181856,1
-0.04015795064434341,1,C,6.33072653499513,1
-1.4307751021180481,1,C,4.692852273257904,1
0.12810441491078928,1,A,4.430593623304211,1
-0.6810516574748808,1,C,4.941476706378827,1
0.8406435489887241,0,A,8.61045299503312,1
-0.6526239793023909,1,C,4.6116690125391,1
-0.4461834332147797,0,A,9.399317919698225,1
-1.889540730945531,0,C,5.040037635963261,1
-0.4523063192490767,1,B,9.492006931808914,1
-2.4238793266289567,1,C,8.328319018690758,1
-1.5839028234857233,0,C,3.624313226158291,1
0.7604146561442974,1,A,8.63641421296616,1
0.7858001586508322,1,A,1.1006328420111522,1
0.42545756178496474,0,C,9.250471753430144,1
-0.966976143129213,0,B,6.316435150828916,1
-0.047711356141979855,0,B,0.5439074852231118,1
-0.0036025390905684044,1,A,6.442567236508116,1
-1.1583646891925428,0,B,9.74247654144756,1
1.5033983017671506,1,C,0.6980065461462892,1
0.8773622905756714,0,A,5.546877097800863,1
-0.22096417382966393,0,C,7.477943497593724,1
0.02688583899453078,0,A,8.102585866995312,1
0.20838280794755248,1,A,4.138274653207958,1
-2.0417348684242906,1,A,2.0416655916824302,1
-0.24717738252059693,0,A,0.42342278772383835,1
-0.6819842479977986,0,B,5.797261570972248,1
-1.0016200098949155,0,C,4.529110702676108,1
-0.2811002928859549,1,C,9.48744395149711,1
1.7976865268495226,0,C,0.6060490771490978,1
0.6408428612670098,1,A,6.853953434460057,1
-0.5711789897827968,0,B,0.2496622212005717,0
0.5725827813561586,0,C,1.7143417671054273,1
